keyword,date,trend_score,region,related_queries
Apple,2024-01-01,1,Germany,"['person', 'positive']"
Tesla,2024-01-01,62,India,"['mind', 'risk']"
Google,2024-01-01,59,Germany,"['mouth', 'big']"
Netflix,2024-01-01,63,India,"['including', 'old']"
Amazon,2024-01-01,36,United States,"['mean', 'goal']"
Apple,2024-01-02,28,India,"['deep', 'story']"
Tesla,2024-01-02,17,UK,"['half', 'create']"
Google,2024-01-02,66,India,"['same', 'people']"
Netflix,2024-01-02,30,UK,"['finish', 'lay']"
Amazon,2024-01-02,61,United States,"['plant', 'create']"
Apple,2024-01-03,51,Germany,"['marriage', 'although']"
Tesla,2024-01-03,83,UK,"['involve', 'see']"
Google,2024-01-03,75,Germany,"['central', 'forget']"
Netflix,2024-01-03,68,Germany,"['majority', 'town']"
Amazon,2024-01-03,99,Germany,"['particularly', 'laugh']"
Apple,2024-01-04,56,UK,"['yet', 'finally']"
Tesla,2024-01-04,23,United States,"['worker', 'dark']"
Google,2024-01-04,53,India,"['save', 'first']"
Netflix,2024-01-04,40,India,"['adult', 'standard']"
Amazon,2024-01-04,26,Canada,"['attention', 'hot']"
Apple,2024-01-05,26,Germany,"['phone', 'still']"
Tesla,2024-01-05,48,Germany,"['officer', 'almost']"
Google,2024-01-05,99,India,"['reach', 'father']"
Netflix,2024-01-05,38,UK,"['push', 'idea']"
Amazon,2024-01-05,78,India,"['down', 'worker']"
Apple,2024-01-06,37,Canada,"['friend', 'employee']"
Tesla,2024-01-06,41,Canada,"['middle', 'politics']"
Google,2024-01-06,18,Germany,"['you', 'information']"
Netflix,2024-01-06,84,United States,"['not', 'social']"
Amazon,2024-01-06,3,UK,"['spend', 'necessary']"
Apple,2024-01-07,32,United States,"['body', 'choice']"
Tesla,2024-01-07,77,India,"['street', 'could']"
Google,2024-01-07,79,United States,"['experience', 'of']"
Netflix,2024-01-07,63,UK,"['heavy', 'wrong']"
Amazon,2024-01-07,26,United States,"['fine', 'believe']"
Apple,2024-01-08,88,Canada,"['public', 'fine']"
Tesla,2024-01-08,52,UK,"['lay', 'she']"
Google,2024-01-08,71,Germany,"['mouth', 'direction']"
Netflix,2024-01-08,67,Germany,"['run', 'degree']"
Amazon,2024-01-08,38,Canada,"['here', 'beyond']"
Apple,2024-01-09,56,UK,"['page', 'as']"
Tesla,2024-01-09,37,India,"['east', 'sit']"
Google,2024-01-09,69,United States,"['me', 'building']"
Netflix,2024-01-09,65,Canada,"['seven', 'coach']"
Amazon,2024-01-09,45,Canada,"['may', 'industry']"
Apple,2024-01-10,91,Canada,"['without', 'pass']"
Tesla,2024-01-10,85,Germany,"['two', 'three']"
Google,2024-01-10,83,Canada,"['firm', 'military']"
Netflix,2024-01-10,4,United States,"['around', 'they']"
Amazon,2024-01-10,33,Germany,"['then', 'west']"
Apple,2024-01-11,2,UK,"['factor', 'civil']"
Tesla,2024-01-11,86,UK,"['want', 'health']"
Google,2024-01-11,7,UK,"['place', 'agreement']"
Netflix,2024-01-11,77,Canada,"['around', 'join']"
Amazon,2024-01-11,55,UK,"['administration', 'experience']"
Apple,2024-01-12,51,UK,"['machine', 'form']"
Tesla,2024-01-12,28,UK,"['item', 'class']"
Google,2024-01-12,95,United States,"['ask', 'fish']"
Netflix,2024-01-12,93,UK,"['recent', 'which']"
Amazon,2024-01-12,81,India,"['finally', 'too']"
Apple,2024-01-13,63,India,"['team', 'a']"
Tesla,2024-01-13,4,India,"['interesting', 'get']"
Google,2024-01-13,11,India,"['amount', 'friend']"
Netflix,2024-01-13,59,Canada,"['seven', 'consumer']"
Amazon,2024-01-13,15,UK,"['others', 'approach']"
Apple,2024-01-14,56,Canada,"['reduce', 'remember']"
Tesla,2024-01-14,79,United States,"['kid', 'set']"
Google,2024-01-14,70,United States,"['they', 'never']"
Netflix,2024-01-14,63,Canada,"['might', 'site']"
Amazon,2024-01-14,34,United States,"['pretty', 'ball']"
Apple,2024-01-15,71,UK,"['medical', 'art']"
Tesla,2024-01-15,50,Canada,"['partner', 'central']"
Google,2024-01-15,3,India,"['instead', 'exactly']"
Netflix,2024-01-15,42,India,"['benefit', 'figure']"
Amazon,2024-01-15,29,UK,"['personal', 'southern']"
Apple,2024-01-16,92,Germany,"['song', 'off']"
Tesla,2024-01-16,68,United States,"['others', 'pressure']"
Google,2024-01-16,57,Germany,"['federal', 'discover']"
Netflix,2024-01-16,17,UK,"['own', 'share']"
Amazon,2024-01-16,25,UK,"['image', 'network']"
Apple,2024-01-17,38,Germany,"['newspaper', 'film']"
Tesla,2024-01-17,1,UK,"['identify', 'stay']"
Google,2024-01-17,18,United States,"['despite', 'level']"
Netflix,2024-01-17,3,UK,"['participant', 'create']"
Amazon,2024-01-17,92,United States,"['player', 'Republican']"
Apple,2024-01-18,14,India,"['bag', 'ok']"
Tesla,2024-01-18,51,Germany,"['skin', 'trip']"
Google,2024-01-18,92,UK,"['practice', 'may']"
Netflix,2024-01-18,19,Canada,"['race', 'gun']"
Amazon,2024-01-18,92,UK,"['necessary', 'close']"
Apple,2024-01-19,79,United States,"['quite', 'lead']"
Tesla,2024-01-19,76,United States,"['agree', 'small']"
Google,2024-01-19,49,United States,"['both', 'late']"
Netflix,2024-01-19,82,India,"['base', 'near']"
Amazon,2024-01-19,57,Canada,"['make', 'adult']"
Apple,2024-01-20,90,UK,"['east', 'join']"
Tesla,2024-01-20,36,UK,"['attack', 'local']"
Google,2024-01-20,31,United States,"['behind', 'stuff']"
Netflix,2024-01-20,75,United States,"['among', 'maintain']"
Amazon,2024-01-20,15,United States,"['spend', 'physical']"
Apple,2024-01-21,55,Germany,"['sometimes', 'consumer']"
Tesla,2024-01-21,13,United States,"['stage', 'knowledge']"
Google,2024-01-21,0,Germany,"['skin', 'maintain']"
Netflix,2024-01-21,8,Canada,"['white', 'always']"
Amazon,2024-01-21,3,India,"['pull', 'interest']"
Apple,2024-01-22,94,United States,"['hear', 'attention']"
Tesla,2024-01-22,18,Germany,"['represent', 'wonder']"
Google,2024-01-22,75,United States,"['fire', 'arrive']"
Netflix,2024-01-22,63,UK,"['indicate', 'world']"
Amazon,2024-01-22,86,UK,"['two', 'exactly']"
Apple,2024-01-23,36,UK,"['party', 'impact']"
Tesla,2024-01-23,64,United States,"['purpose', 'firm']"
Google,2024-01-23,46,India,"['coach', 'surface']"
Netflix,2024-01-23,65,Canada,"['suffer', 'address']"
Amazon,2024-01-23,77,Canada,"['if', 'rather']"
Apple,2024-01-24,19,United States,"['yeah', 'ever']"
Tesla,2024-01-24,97,Germany,"['change', 'democratic']"
Google,2024-01-24,58,United States,"['apply', 'land']"
Netflix,2024-01-24,66,United States,"['deep', 'spend']"
Amazon,2024-01-24,65,United States,"['hand', 'guess']"
Apple,2024-01-25,43,United States,"['side', 'throw']"
Tesla,2024-01-25,58,UK,"['side', 'southern']"
Google,2024-01-25,64,UK,"['not', 'director']"
Netflix,2024-01-25,89,Canada,"['spend', 'until']"
Amazon,2024-01-25,49,Germany,"['something', 'cover']"
Apple,2024-01-26,15,Canada,"['owner', 'point']"
Tesla,2024-01-26,85,India,"['own', 'detail']"
Google,2024-01-26,46,United States,"['place', 'discussion']"
Netflix,2024-01-26,58,Germany,"['color', 'to']"
Amazon,2024-01-26,67,United States,"['section', 'quite']"
Apple,2024-01-27,20,UK,"['east', 'along']"
Tesla,2024-01-27,90,India,"['late', 'hour']"
Google,2024-01-27,49,Germany,"['fire', 'fish']"
Netflix,2024-01-27,77,United States,"['knowledge', 'free']"
Amazon,2024-01-27,12,Germany,"['so', 'avoid']"
Apple,2024-01-28,38,Canada,"['significant', 'particular']"
Tesla,2024-01-28,12,Canada,"['student', 'adult']"
Google,2024-01-28,78,Germany,"['direction', 'provide']"
Netflix,2024-01-28,59,Germany,"['candidate', 'shake']"
Amazon,2024-01-28,75,Germany,"['seem', 'arm']"
Apple,2024-01-29,84,United States,"['political', 'side']"
Tesla,2024-01-29,84,Canada,"['gas', 'left']"
Google,2024-01-29,66,India,"['bar', 'involve']"
Netflix,2024-01-29,52,United States,"['company', 'second']"
Amazon,2024-01-29,14,Germany,"['wide', 'Congress']"
Apple,2024-01-30,34,UK,"['help', 'answer']"
Tesla,2024-01-30,55,Germany,"['for', 'model']"
Google,2024-01-30,65,UK,"['thought', 'bring']"
Netflix,2024-01-30,23,Germany,"['skill', 'brother']"
Amazon,2024-01-30,43,Germany,"['why', 'break']"
Apple,2024-01-31,26,Canada,"['usually', 'mind']"
Tesla,2024-01-31,6,Canada,"['service', 'care']"
Google,2024-01-31,33,Germany,"['nothing', 'then']"
Netflix,2024-01-31,47,UK,"['notice', 'very']"
Amazon,2024-01-31,4,UK,"['certainly', 'often']"
Apple,2024-02-01,99,UK,"['watch', 'manage']"
Tesla,2024-02-01,37,United States,"['low', 'stock']"
Google,2024-02-01,56,Canada,"['kid', 'between']"
Netflix,2024-02-01,99,UK,"['far', 'type']"
Amazon,2024-02-01,18,India,"['opportunity', 'fund']"
Apple,2024-02-02,89,United States,"['level', 'social']"
Tesla,2024-02-02,61,United States,"['read', 'system']"
Google,2024-02-02,67,Germany,"['own', 'huge']"
Netflix,2024-02-02,15,India,"['education', 'challenge']"
Amazon,2024-02-02,2,Germany,"['court', 'see']"
Apple,2024-02-03,53,Canada,"['plan', 'fill']"
Tesla,2024-02-03,30,India,"['federal', 'man']"
Google,2024-02-03,62,United States,"['since', 'detail']"
Netflix,2024-02-03,33,Canada,"['name', 'meet']"
Amazon,2024-02-03,30,Germany,"['team', 'age']"
Apple,2024-02-04,21,India,"['method', 'decade']"
Tesla,2024-02-04,70,United States,"['social', 'newspaper']"
Google,2024-02-04,55,Canada,"['chance', 'quickly']"
Netflix,2024-02-04,53,Canada,"['speech', 'method']"
Amazon,2024-02-04,14,United States,"['student', 'thus']"
Apple,2024-02-05,9,Canada,"['current', 'until']"
Tesla,2024-02-05,49,UK,"['management', 'feeling']"
Google,2024-02-05,92,UK,"['relate', 'on']"
Netflix,2024-02-05,47,India,"['production', 'service']"
Amazon,2024-02-05,91,United States,"['this', 'draw']"
Apple,2024-02-06,23,Canada,"['effort', 'strong']"
Tesla,2024-02-06,98,UK,"['management', 'fund']"
Google,2024-02-06,31,UK,"['sort', 'really']"
Netflix,2024-02-06,84,UK,"['hit', 'lawyer']"
Amazon,2024-02-06,99,Canada,"['sort', 'benefit']"
Apple,2024-02-07,58,Germany,"['paper', 'station']"
Tesla,2024-02-07,83,United States,"['he', 'position']"
Google,2024-02-07,20,India,"['force', 'although']"
Netflix,2024-02-07,33,India,"['need', 'floor']"
Amazon,2024-02-07,60,Germany,"['professional', 'blue']"
Apple,2024-02-08,16,India,"['fear', 'both']"
Tesla,2024-02-08,91,Germany,"['television', 'remember']"
Google,2024-02-08,31,United States,"['only', 'drop']"
Netflix,2024-02-08,49,United States,"['heart', 'fire']"
Amazon,2024-02-08,94,Canada,"['professor', 'quite']"
Apple,2024-02-09,42,Canada,"['pattern', 'political']"
Tesla,2024-02-09,4,India,"['economy', 'gas']"
Google,2024-02-09,78,UK,"['summer', 'standard']"
Netflix,2024-02-09,96,Canada,"['daughter', 'popular']"
Amazon,2024-02-09,10,UK,"['these', 'daughter']"
Apple,2024-02-10,64,UK,"['guy', 'kid']"
Tesla,2024-02-10,69,United States,"['may', 'experience']"
Google,2024-02-10,33,United States,"['student', 'town']"
Netflix,2024-02-10,88,UK,"['receive', 'sit']"
Amazon,2024-02-10,43,UK,"['less', 'process']"
Apple,2024-02-11,30,Canada,"['by', 'sport']"
Tesla,2024-02-11,5,Canada,"['second', 'apply']"
Google,2024-02-11,10,Germany,"['attack', 'value']"
Netflix,2024-02-11,96,UK,"['strategy', 'body']"
Amazon,2024-02-11,90,Germany,"['reveal', 'small']"
Apple,2024-02-12,70,Germany,"['skin', 'dark']"
Tesla,2024-02-12,59,India,"['rule', 'score']"
Google,2024-02-12,100,Germany,"['plant', 'field']"
Netflix,2024-02-12,48,United States,"['hard', 'cold']"
Amazon,2024-02-12,68,United States,"['indeed', 'trade']"
Apple,2024-02-13,93,India,"['understand', 'mention']"
Tesla,2024-02-13,95,United States,"['nearly', 'grow']"
Google,2024-02-13,16,UK,"['almost', 'nearly']"
Netflix,2024-02-13,27,Canada,"['rich', 'southern']"
Amazon,2024-02-13,32,Germany,"['age', 'mention']"
Apple,2024-02-14,67,India,"['argue', 'usually']"
Tesla,2024-02-14,97,Germany,"['career', 'others']"
Google,2024-02-14,69,UK,"['relationship', 'head']"
Netflix,2024-02-14,82,India,"['rule', 'son']"
Amazon,2024-02-14,7,Germany,"['interest', 'surface']"
Apple,2024-02-15,94,UK,"['look', 'money']"
Tesla,2024-02-15,5,Canada,"['word', 'between']"
Google,2024-02-15,44,Germany,"['wear', 'project']"
Netflix,2024-02-15,25,UK,"['economic', 'avoid']"
Amazon,2024-02-15,98,United States,"['trade', 'buy']"
Apple,2024-02-16,84,India,"['ever', 'these']"
Tesla,2024-02-16,54,UK,"['five', 'challenge']"
Google,2024-02-16,23,United States,"['great', 'action']"
Netflix,2024-02-16,70,Canada,"['care', 'training']"
Amazon,2024-02-16,66,India,"['appear', 'simply']"
Apple,2024-02-17,19,UK,"['else', 'series']"
Tesla,2024-02-17,63,India,"['mission', 'federal']"
Google,2024-02-17,36,Germany,"['agree', 'early']"
Netflix,2024-02-17,20,Germany,"['Congress', 'skill']"
Amazon,2024-02-17,27,UK,"['someone', 'but']"
Apple,2024-02-18,47,Germany,"['stage', 'source']"
Tesla,2024-02-18,96,India,"['green', 'send']"
Google,2024-02-18,78,United States,"['enough', 'public']"
Netflix,2024-02-18,20,Canada,"['challenge', 'land']"
Amazon,2024-02-18,59,India,"['his', 'system']"
Apple,2024-02-19,50,United States,"['since', 'herself']"
Tesla,2024-02-19,68,Canada,"['while', 'hear']"
Google,2024-02-19,21,Canada,"['woman', 'couple']"
Netflix,2024-02-19,58,Canada,"['then', 'near']"
Amazon,2024-02-19,26,UK,"['record', 'culture']"
Apple,2024-02-20,55,United States,"['scene', 'name']"
Tesla,2024-02-20,76,UK,"['guess', 'seven']"
Google,2024-02-20,24,UK,"['skin', 'central']"
Netflix,2024-02-20,23,UK,"['some', 'stay']"
Amazon,2024-02-20,42,United States,"['require', 'experience']"
Apple,2024-02-21,87,Germany,"['wear', 'catch']"
Tesla,2024-02-21,89,UK,"['travel', 'several']"
Google,2024-02-21,52,UK,"['trade', 'Democrat']"
Netflix,2024-02-21,15,United States,"['station', 'live']"
Amazon,2024-02-21,16,Germany,"['at', 'response']"
Apple,2024-02-22,55,UK,"['sometimes', 'character']"
Tesla,2024-02-22,8,UK,"['realize', 'tree']"
Google,2024-02-22,9,Canada,"['public', 'physical']"
Netflix,2024-02-22,13,India,"['already', 'analysis']"
Amazon,2024-02-22,5,India,"['shake', 'yourself']"
Apple,2024-02-23,60,India,"['participant', 'decision']"
Tesla,2024-02-23,79,UK,"['individual', 'expert']"
Google,2024-02-23,79,United States,"['entire', 'look']"
Netflix,2024-02-23,0,India,"['possible', 'as']"
Amazon,2024-02-23,3,India,"['cell', 'cup']"
Apple,2024-02-24,83,United States,"['leg', 'two']"
Tesla,2024-02-24,68,United States,"['moment', 'much']"
Google,2024-02-24,33,United States,"['candidate', 'message']"
Netflix,2024-02-24,22,United States,"['cause', 'yet']"
Amazon,2024-02-24,90,Germany,"['special', 'the']"
Apple,2024-02-25,24,Canada,"['explain', 'stand']"
Tesla,2024-02-25,81,India,"['let', 'law']"
Google,2024-02-25,62,Germany,"['onto', 'dream']"
Netflix,2024-02-25,52,Canada,"['season', 'billion']"
Amazon,2024-02-25,80,India,"['majority', 'series']"
Apple,2024-02-26,35,Germany,"['social', 'bank']"
Tesla,2024-02-26,65,Germany,"['send', 'executive']"
Google,2024-02-26,56,United States,"['face', 'PM']"
Netflix,2024-02-26,77,UK,"['would', 'foreign']"
Amazon,2024-02-26,97,Germany,"['nor', 'study']"
Apple,2024-02-27,16,Germany,"['author', 'race']"
Tesla,2024-02-27,20,Canada,"['among', 'draw']"
Google,2024-02-27,90,Germany,"['into', 'college']"
Netflix,2024-02-27,89,India,"['although', 'gas']"
Amazon,2024-02-27,36,United States,"['discussion', 'build']"
Apple,2024-02-28,84,Germany,"['college', 'not']"
Tesla,2024-02-28,78,India,"['check', 'tax']"
Google,2024-02-28,68,UK,"['piece', 'body']"
Netflix,2024-02-28,39,United States,"['threat', 'likely']"
Amazon,2024-02-28,25,Germany,"['audience', 'same']"
Apple,2024-02-29,85,UK,"['serve', 'carry']"
Tesla,2024-02-29,19,UK,"['make', 'per']"
Google,2024-02-29,90,Canada,"['land', 'evidence']"
Netflix,2024-02-29,70,Canada,"['name', 'education']"
Amazon,2024-02-29,85,Canada,"['none', 'guy']"
Apple,2024-03-01,79,United States,"['person', 'trial']"
Tesla,2024-03-01,58,India,"['third', 'fight']"
Google,2024-03-01,95,United States,"['leg', 'big']"
Netflix,2024-03-01,36,UK,"['and', 'capital']"
Amazon,2024-03-01,68,United States,"['he', 'safe']"
Apple,2024-03-02,56,UK,"['last', 'into']"
Tesla,2024-03-02,57,Germany,"['conference', 'discover']"
Google,2024-03-02,50,Canada,"['stop', 'feeling']"
Netflix,2024-03-02,44,UK,"['trade', 'clearly']"
Amazon,2024-03-02,39,UK,"['world', 'box']"
Apple,2024-03-03,94,Canada,"['anything', 'officer']"
Tesla,2024-03-03,28,United States,"['mouth', 'early']"
Google,2024-03-03,0,Canada,"['hard', 'own']"
Netflix,2024-03-03,69,UK,"['trade', 'note']"
Amazon,2024-03-03,76,India,"['manage', 'someone']"
Apple,2024-03-04,36,UK,"['soldier', 'trouble']"
Tesla,2024-03-04,15,Canada,"['less', 'dream']"
Google,2024-03-04,39,Canada,"['however', 'writer']"
Netflix,2024-03-04,97,India,"['whose', 'hair']"
Amazon,2024-03-04,83,UK,"['official', 'technology']"
Apple,2024-03-05,100,Canada,"['painting', 'leave']"
Tesla,2024-03-05,38,UK,"['share', 'and']"
Google,2024-03-05,36,United States,"['simply', 'citizen']"
Netflix,2024-03-05,90,Canada,"['year', 'treat']"
Amazon,2024-03-05,89,Canada,"['town', 'anything']"
Apple,2024-03-06,90,Canada,"['fund', 'yard']"
Tesla,2024-03-06,51,UK,"['stock', 'by']"
Google,2024-03-06,63,India,"['beat', 'water']"
Netflix,2024-03-06,58,UK,"['personal', 'drive']"
Amazon,2024-03-06,61,United States,"['president', 'can']"
Apple,2024-03-07,72,UK,"['standard', 'specific']"
Tesla,2024-03-07,56,Canada,"['summer', 'agency']"
Google,2024-03-07,27,UK,"['concern', 'fall']"
Netflix,2024-03-07,75,UK,"['exactly', 'education']"
Amazon,2024-03-07,71,India,"['report', 'thought']"
Apple,2024-03-08,71,Germany,"['resource', 'perform']"
Tesla,2024-03-08,20,United States,"['weight', 'guy']"
Google,2024-03-08,37,India,"['home', 'couple']"
Netflix,2024-03-08,76,UK,"['pull', 'apply']"
Amazon,2024-03-08,72,Germany,"['artist', 'treatment']"
Apple,2024-03-09,7,India,"['sign', 'site']"
Tesla,2024-03-09,74,UK,"['color', 'too']"
Google,2024-03-09,36,Canada,"['impact', 'professor']"
Netflix,2024-03-09,8,UK,"['agreement', 'my']"
Amazon,2024-03-09,29,India,"['rock', 'industry']"
Apple,2024-03-10,25,Germany,"['far', 'large']"
Tesla,2024-03-10,26,United States,"['us', 'wear']"
Google,2024-03-10,40,Canada,"['choice', 'available']"
Netflix,2024-03-10,71,United States,"['shoulder', 'nearly']"
Amazon,2024-03-10,17,Canada,"['news', 'partner']"
Apple,2024-03-11,23,UK,"['since', 'American']"
Tesla,2024-03-11,76,Canada,"['sea', 'figure']"
Google,2024-03-11,12,UK,"['newspaper', 'why']"
Netflix,2024-03-11,71,India,"['senior', 'I']"
Amazon,2024-03-11,46,UK,"['majority', 'tonight']"
Apple,2024-03-12,30,UK,"['place', 'often']"
Tesla,2024-03-12,11,Canada,"['customer', 'particularly']"
Google,2024-03-12,88,Canada,"['when', 'make']"
Netflix,2024-03-12,67,Germany,"['leader', 'let']"
Amazon,2024-03-12,98,Canada,"['stage', 'office']"
Apple,2024-03-13,49,Canada,"['seat', 'affect']"
Tesla,2024-03-13,89,Canada,"['minute', 'boy']"
Google,2024-03-13,45,Germany,"['century', 'traditional']"
Netflix,2024-03-13,10,India,"['another', 'sometimes']"
Amazon,2024-03-13,38,United States,"['think', 'knowledge']"
Apple,2024-03-14,82,Canada,"['nor', 'work']"
Tesla,2024-03-14,52,Canada,"['across', 'drive']"
Google,2024-03-14,99,Germany,"['national', 'listen']"
Netflix,2024-03-14,41,Germany,"['explain', 'provide']"
Amazon,2024-03-14,25,United States,"['southern', 'head']"
Apple,2024-03-15,93,UK,"['model', 'training']"
Tesla,2024-03-15,80,India,"['single', 'walk']"
Google,2024-03-15,6,Canada,"['vote', 'hit']"
Netflix,2024-03-15,37,UK,"['say', 'sit']"
Amazon,2024-03-15,76,Canada,"['answer', 'better']"
Apple,2024-03-16,38,UK,"['agent', 'position']"
Tesla,2024-03-16,75,United States,"['identify', 'perhaps']"
Google,2024-03-16,28,Germany,"['institution', 'win']"
Netflix,2024-03-16,91,India,"['tell', 'physical']"
Amazon,2024-03-16,100,Canada,"['several', 'church']"
Apple,2024-03-17,53,United States,"['bad', 'fund']"
Tesla,2024-03-17,40,Germany,"['maintain', 'challenge']"
Google,2024-03-17,5,Germany,"['one', 'trouble']"
Netflix,2024-03-17,17,UK,"['hair', 'because']"
Amazon,2024-03-17,13,India,"['discover', 'detail']"
Apple,2024-03-18,25,India,"['meeting', 'budget']"
Tesla,2024-03-18,61,UK,"['company', 'daughter']"
Google,2024-03-18,14,India,"['message', 'by']"
Netflix,2024-03-18,42,Germany,"['also', 'and']"
Amazon,2024-03-18,69,United States,"['money', 'create']"
Apple,2024-03-19,81,India,"['health', 'century']"
Tesla,2024-03-19,71,Canada,"['never', 'truth']"
Google,2024-03-19,98,Canada,"['child', 'choose']"
Netflix,2024-03-19,86,UK,"['reflect', 'simply']"
Amazon,2024-03-19,42,Canada,"['attention', 'city']"
Apple,2024-03-20,70,India,"['rate', 'hair']"
Tesla,2024-03-20,81,UK,"['improve', 'practice']"
Google,2024-03-20,55,UK,"['eat', 'bed']"
Netflix,2024-03-20,31,India,"['argue', 'card']"
Amazon,2024-03-20,12,United States,"['game', 'rock']"
Apple,2024-03-21,3,Germany,"['wife', 'interview']"
Tesla,2024-03-21,97,Canada,"['base', 'hour']"
Google,2024-03-21,55,Canada,"['hair', 'like']"
Netflix,2024-03-21,88,Canada,"['option', 'party']"
Amazon,2024-03-21,77,United States,"['program', 'chance']"
Apple,2024-03-22,62,Germany,"['rise', 'second']"
Tesla,2024-03-22,25,India,"['teach', 'model']"
Google,2024-03-22,84,Germany,"['why', 'somebody']"
Netflix,2024-03-22,18,Germany,"['already', 'job']"
Amazon,2024-03-22,85,UK,"['process', 'entire']"
Apple,2024-03-23,90,UK,"['beat', 'example']"
Tesla,2024-03-23,63,United States,"['ever', 'throw']"
Google,2024-03-23,35,UK,"['state', 'just']"
Netflix,2024-03-23,86,India,"['stock', 'treatment']"
Amazon,2024-03-23,24,India,"['tend', 'home']"
Apple,2024-03-24,44,United States,"['adult', 'international']"
Tesla,2024-03-24,76,UK,"['answer', 'TV']"
Google,2024-03-24,79,India,"['west', 'drug']"
Netflix,2024-03-24,71,UK,"['change', 'beat']"
Amazon,2024-03-24,79,India,"['key', 'at']"
Apple,2024-03-25,68,India,"['everyone', 'husband']"
Tesla,2024-03-25,51,Canada,"['senior', 'woman']"
Google,2024-03-25,85,Canada,"['audience', 'sure']"
Netflix,2024-03-25,81,UK,"['away', 'feel']"
Amazon,2024-03-25,48,Germany,"['try', 'dinner']"
Apple,2024-03-26,63,UK,"['memory', 'story']"
Tesla,2024-03-26,80,Germany,"['young', 'her']"
Google,2024-03-26,46,India,"['wall', 'whatever']"
Netflix,2024-03-26,83,UK,"['identify', 'doctor']"
Amazon,2024-03-26,26,Canada,"['behavior', 'agreement']"
Apple,2024-03-27,57,Canada,"['authority', 'above']"
Tesla,2024-03-27,33,United States,"['agreement', 'traditional']"
Google,2024-03-27,97,India,"['itself', 'role']"
Netflix,2024-03-27,9,India,"['town', 'travel']"
Amazon,2024-03-27,79,UK,"['animal', 'my']"
Apple,2024-03-28,99,Canada,"['certainly', 'either']"
Tesla,2024-03-28,60,Germany,"['short', 'ok']"
Google,2024-03-28,61,Canada,"['move', 'finally']"
Netflix,2024-03-28,78,Canada,"['these', 'while']"
Amazon,2024-03-28,35,India,"['natural', 'summer']"
Apple,2024-03-29,81,Germany,"['rock', 'least']"
Tesla,2024-03-29,53,India,"['weight', 'chair']"
Google,2024-03-29,3,UK,"['begin', 'do']"
Netflix,2024-03-29,82,UK,"['hundred', 'administration']"
Amazon,2024-03-29,51,Canada,"['almost', 'car']"
Apple,2024-03-30,92,India,"['more', 'color']"
Tesla,2024-03-30,2,Canada,"['room', 'city']"
Google,2024-03-30,92,UK,"['nation', 'despite']"
Netflix,2024-03-30,81,India,"['sure', 'side']"
Amazon,2024-03-30,19,Canada,"['pay', 'particular']"
Apple,2024-03-31,8,UK,"['relationship', 'continue']"
Tesla,2024-03-31,53,India,"['interest', 'manager']"
Google,2024-03-31,53,Germany,"['pass', 'minute']"
Netflix,2024-03-31,48,India,"['college', 'in']"
Amazon,2024-03-31,68,UK,"['change', 'also']"
Apple,2024-04-01,55,UK,"['now', 'interesting']"
Tesla,2024-04-01,80,India,"['change', 'apply']"
Google,2024-04-01,22,Canada,"['month', 'side']"
Netflix,2024-04-01,35,UK,"['majority', 'tonight']"
Amazon,2024-04-01,69,Germany,"['past', 'opportunity']"
Apple,2024-04-02,9,Canada,"['along', 'painting']"
Tesla,2024-04-02,55,Canada,"['fast', 'word']"
Google,2024-04-02,48,Germany,"['single', 'its']"
Netflix,2024-04-02,82,India,"['which', 'little']"
Amazon,2024-04-02,59,United States,"['send', 'floor']"
Apple,2024-04-03,95,United States,"['born', 'amount']"
Tesla,2024-04-03,54,Canada,"['back', 'agency']"
Google,2024-04-03,86,UK,"['blue', 'southern']"
Netflix,2024-04-03,63,India,"['likely', 'policy']"
Amazon,2024-04-03,54,UK,"['maintain', 'simple']"
Apple,2024-04-04,67,Germany,"['choose', 'early']"
Tesla,2024-04-04,93,India,"['ground', 'wish']"
Google,2024-04-04,27,Canada,"['west', 'force']"
Netflix,2024-04-04,91,Canada,"['support', 'future']"
Amazon,2024-04-04,17,Germany,"['their', 'raise']"
Apple,2024-04-05,96,UK,"['little', 'then']"
Tesla,2024-04-05,29,Germany,"['range', 'technology']"
Google,2024-04-05,67,Canada,"['agreement', 'who']"
Netflix,2024-04-05,58,Canada,"['wish', 'ago']"
Amazon,2024-04-05,8,Canada,"['activity', 'attack']"
Apple,2024-04-06,29,Germany,"['according', 'bad']"
Tesla,2024-04-06,92,United States,"['read', 'fish']"
Google,2024-04-06,28,United States,"['break', 'short']"
Netflix,2024-04-06,22,United States,"['kid', 'tough']"
Amazon,2024-04-06,16,United States,"['own', 'still']"
Apple,2024-04-07,29,Germany,"['model', 'student']"
Tesla,2024-04-07,27,Canada,"['agreement', 'this']"
Google,2024-04-07,52,United States,"['ahead', 'nearly']"
Netflix,2024-04-07,63,Germany,"['network', 'large']"
Amazon,2024-04-07,41,Canada,"['shake', 'I']"
Apple,2024-04-08,14,United States,"['once', 'both']"
Tesla,2024-04-08,30,Canada,"['yet', 'perhaps']"
Google,2024-04-08,38,Germany,"['possible', 'doctor']"
Netflix,2024-04-08,65,UK,"['occur', 'six']"
Amazon,2024-04-08,49,India,"['easy', 'guess']"
Apple,2024-04-09,81,Germany,"['building', 'mouth']"
Tesla,2024-04-09,17,United States,"['officer', 'piece']"
Google,2024-04-09,38,Germany,"['least', 'purpose']"
Netflix,2024-04-09,14,United States,"['state', 'both']"
Amazon,2024-04-09,12,Canada,"['tough', 'sea']"
Apple,2024-04-10,99,United States,"['impact', 'key']"
Tesla,2024-04-10,7,Germany,"['soldier', 'summer']"
Google,2024-04-10,90,UK,"['school', 'these']"
Netflix,2024-04-10,31,India,"['focus', 'ever']"
Amazon,2024-04-10,96,UK,"['watch', 'tonight']"
Apple,2024-04-11,59,Germany,"['nothing', 'yes']"
Tesla,2024-04-11,78,United States,"['have', 'attention']"
Google,2024-04-11,68,India,"['man', 'might']"
Netflix,2024-04-11,61,UK,"['yes', 'break']"
Amazon,2024-04-11,83,Canada,"['blood', 'success']"
Apple,2024-04-12,49,Germany,"['particular', 'number']"
Tesla,2024-04-12,62,United States,"['picture', 'effort']"
Google,2024-04-12,49,United States,"['people', 'finish']"
Netflix,2024-04-12,40,Canada,"['floor', 'son']"
Amazon,2024-04-12,41,Canada,"['or', 'others']"
Apple,2024-04-13,91,United States,"['concern', 'economy']"
Tesla,2024-04-13,75,UK,"['middle', 'plan']"
Google,2024-04-13,30,Germany,"['marriage', 'image']"
Netflix,2024-04-13,31,UK,"['allow', 'voice']"
Amazon,2024-04-13,22,India,"['technology', 'page']"
Apple,2024-04-14,57,India,"['just', 'energy']"
Tesla,2024-04-14,77,India,"['to', 'kid']"
Google,2024-04-14,62,Canada,"['else', 'want']"
Netflix,2024-04-14,85,UK,"['skin', 'inside']"
Amazon,2024-04-14,4,United States,"['sister', 'laugh']"
Apple,2024-04-15,37,Germany,"['responsibility', 'on']"
Tesla,2024-04-15,93,Germany,"['standard', 'may']"
Google,2024-04-15,17,United States,"['be', 'take']"
Netflix,2024-04-15,10,UK,"['those', 'whose']"
Amazon,2024-04-15,93,Germany,"['war', 'consider']"
Apple,2024-04-16,34,UK,"['bed', 'form']"
Tesla,2024-04-16,30,India,"['player', 'fast']"
Google,2024-04-16,40,Canada,"['nothing', 'sort']"
Netflix,2024-04-16,21,Canada,"['enough', 'increase']"
Amazon,2024-04-16,60,Canada,"['newspaper', 'of']"
Apple,2024-04-17,15,Germany,"['page', 'describe']"
Tesla,2024-04-17,97,United States,"['record', 'north']"
Google,2024-04-17,79,UK,"['recent', 'something']"
Netflix,2024-04-17,53,UK,"['water', 'break']"
Amazon,2024-04-17,70,United States,"['firm', 'like']"
Apple,2024-04-18,71,Germany,"['perform', 'small']"
Tesla,2024-04-18,68,India,"['personal', 'tough']"
Google,2024-04-18,58,United States,"['he', 'during']"
Netflix,2024-04-18,52,United States,"['low', 'decade']"
Amazon,2024-04-18,11,UK,"['board', 'speak']"
Apple,2024-04-19,59,United States,"['where', 'magazine']"
Tesla,2024-04-19,91,United States,"['edge', 'it']"
Google,2024-04-19,88,Germany,"['policy', 'owner']"
Netflix,2024-04-19,100,Canada,"['this', 'rate']"
Amazon,2024-04-19,87,Germany,"['hit', 'space']"
Apple,2024-04-20,3,Germany,"['movement', 'worry']"
Tesla,2024-04-20,95,UK,"['together', 'away']"
Google,2024-04-20,98,United States,"['Congress', 'color']"
Netflix,2024-04-20,55,Canada,"['here', 'material']"
Amazon,2024-04-20,2,India,"['despite', 'herself']"
Apple,2024-04-21,26,India,"['pretty', 'couple']"
Tesla,2024-04-21,7,UK,"['parent', 'money']"
Google,2024-04-21,82,Canada,"['clear', 'production']"
Netflix,2024-04-21,68,Germany,"['represent', 'full']"
Amazon,2024-04-21,70,Canada,"['degree', 'heavy']"
Apple,2024-04-22,55,UK,"['smile', 'health']"
Tesla,2024-04-22,86,Germany,"['trip', 'sound']"
Google,2024-04-22,94,India,"['simply', 'case']"
Netflix,2024-04-22,80,India,"['take', 'resource']"
Amazon,2024-04-22,92,India,"['develop', 'face']"
Apple,2024-04-23,20,Germany,"['our', 'put']"
Tesla,2024-04-23,39,Germany,"['available', 'hotel']"
Google,2024-04-23,67,India,"['understand', 'student']"
Netflix,2024-04-23,23,Canada,"['state', 'out']"
Amazon,2024-04-23,45,India,"['against', 'bad']"
Apple,2024-04-24,29,Germany,"['particular', 'ever']"
Tesla,2024-04-24,48,United States,"['center', 'bed']"
Google,2024-04-24,88,India,"['manager', 'sing']"
Netflix,2024-04-24,20,Germany,"['a', 'brother']"
Amazon,2024-04-24,58,India,"['like', 'sing']"
Apple,2024-04-25,10,Canada,"['assume', 'offer']"
Tesla,2024-04-25,43,India,"['way', 'various']"
Google,2024-04-25,49,Germany,"['common', 'conference']"
Netflix,2024-04-25,61,India,"['very', 'off']"
Amazon,2024-04-25,51,India,"['discover', 'determine']"
Apple,2024-04-26,30,Germany,"['stuff', 'off']"
Tesla,2024-04-26,30,UK,"['real', 'manager']"
Google,2024-04-26,91,Canada,"['produce', 'coach']"
Netflix,2024-04-26,73,Germany,"['detail', 'wall']"
Amazon,2024-04-26,24,UK,"['everything', 'know']"
Apple,2024-04-27,83,Canada,"['worry', 'defense']"
Tesla,2024-04-27,49,Canada,"['product', 'he']"
Google,2024-04-27,47,India,"['too', 'future']"
Netflix,2024-04-27,53,Canada,"['own', 'cup']"
Amazon,2024-04-27,72,Germany,"['coach', 'through']"
Apple,2024-04-28,13,India,"['her', 'better']"
Tesla,2024-04-28,55,United States,"['gas', 'develop']"
Google,2024-04-28,43,UK,"['simple', 'serve']"
Netflix,2024-04-28,23,India,"['bring', 'affect']"
Amazon,2024-04-28,97,UK,"['money', 'year']"
Apple,2024-04-29,43,Germany,"['mission', 'parent']"
Tesla,2024-04-29,84,UK,"['several', 'behavior']"
Google,2024-04-29,29,United States,"['discover', 'many']"
Netflix,2024-04-29,86,UK,"['mother', 'new']"
Amazon,2024-04-29,20,United States,"['huge', 'which']"
Apple,2024-04-30,26,UK,"['also', 'according']"
Tesla,2024-04-30,17,Germany,"['face', 'fish']"
Google,2024-04-30,6,United States,"['mention', 'computer']"
Netflix,2024-04-30,72,India,"['around', 'carry']"
Amazon,2024-04-30,47,UK,"['word', 'drive']"
Apple,2024-05-01,45,Germany,"['so', 'expert']"
Tesla,2024-05-01,89,UK,"['write', 'class']"
Google,2024-05-01,99,UK,"['build', 'father']"
Netflix,2024-05-01,18,UK,"['idea', 'land']"
Amazon,2024-05-01,15,United States,"['center', 'modern']"
Apple,2024-05-02,86,UK,"['name', 'wish']"
Tesla,2024-05-02,26,Germany,"['experience', 'perhaps']"
Google,2024-05-02,57,India,"['require', 'pay']"
Netflix,2024-05-02,62,UK,"['key', 'central']"
Amazon,2024-05-02,42,UK,"['pretty', 'energy']"
Apple,2024-05-03,76,United States,"['market', 'country']"
Tesla,2024-05-03,23,Canada,"['agreement', 'writer']"
Google,2024-05-03,50,United States,"['write', 'them']"
Netflix,2024-05-03,75,UK,"['report', 'stage']"
Amazon,2024-05-03,31,United States,"['north', 'campaign']"
Apple,2024-05-04,32,United States,"['PM', 'apply']"
Tesla,2024-05-04,46,United States,"['executive', 'tend']"
Google,2024-05-04,48,UK,"['training', 'series']"
Netflix,2024-05-04,58,United States,"['value', 'know']"
Amazon,2024-05-04,31,India,"['environment', 'goal']"
Apple,2024-05-05,61,United States,"['I', 'picture']"
Tesla,2024-05-05,47,Germany,"['because', 'form']"
Google,2024-05-05,94,United States,"['three', 'remember']"
Netflix,2024-05-05,52,UK,"['develop', 'light']"
Amazon,2024-05-05,83,Germany,"['mother', 'instead']"
Apple,2024-05-06,40,Germany,"['around', 'work']"
Tesla,2024-05-06,50,India,"['future', 'member']"
Google,2024-05-06,21,UK,"['father', 'half']"
Netflix,2024-05-06,12,Germany,"['material', 'box']"
Amazon,2024-05-06,27,Germany,"['know', 'pattern']"
Apple,2024-05-07,85,India,"['exist', 'anything']"
Tesla,2024-05-07,82,Canada,"['view', 'since']"
Google,2024-05-07,54,United States,"['professor', 'onto']"
Netflix,2024-05-07,65,Canada,"['language', 'be']"
Amazon,2024-05-07,21,United States,"['factor', 'cup']"
Apple,2024-05-08,95,India,"['government', 'test']"
Tesla,2024-05-08,7,India,"['prevent', 'face']"
Google,2024-05-08,0,India,"['wear', 'same']"
Netflix,2024-05-08,84,United States,"['property', 'hand']"
Amazon,2024-05-08,16,Canada,"['speech', 'sound']"
Apple,2024-05-09,17,Germany,"['on', 'there']"
Tesla,2024-05-09,65,Canada,"['bit', 'region']"
Google,2024-05-09,63,Canada,"['ever', 'service']"
Netflix,2024-05-09,58,Canada,"['fear', 'century']"
Amazon,2024-05-09,96,UK,"['dream', 'television']"
Apple,2024-05-10,88,Canada,"['region', 'soldier']"
Tesla,2024-05-10,45,Canada,"['soon', 'teacher']"
Google,2024-05-10,30,United States,"['cover', 'central']"
Netflix,2024-05-10,89,Germany,"['start', 'color']"
Amazon,2024-05-10,84,Canada,"['security', 'family']"
Apple,2024-05-11,41,United States,"['himself', 'night']"
Tesla,2024-05-11,72,UK,"['rich', 'try']"
Google,2024-05-11,100,India,"['per', 'seven']"
Netflix,2024-05-11,52,Germany,"['region', 'force']"
Amazon,2024-05-11,31,India,"['more', 'see']"
Apple,2024-05-12,94,United States,"['example', 'everyone']"
Tesla,2024-05-12,49,Germany,"['evening', 'total']"
Google,2024-05-12,62,UK,"['nothing', 'its']"
Netflix,2024-05-12,62,Germany,"['effort', 'life']"
Amazon,2024-05-12,90,Germany,"['build', 'there']"
Apple,2024-05-13,44,India,"['spring', 'either']"
Tesla,2024-05-13,48,United States,"['position', 'certain']"
Google,2024-05-13,17,Germany,"['indicate', 'act']"
Netflix,2024-05-13,24,United States,"['store', 'parent']"
Amazon,2024-05-13,26,UK,"['sea', 'act']"
Apple,2024-05-14,35,India,"['trade', 'court']"
Tesla,2024-05-14,25,Germany,"['weight', 'save']"
Google,2024-05-14,86,United States,"['we', 'girl']"
Netflix,2024-05-14,54,UK,"['dog', 'manage']"
Amazon,2024-05-14,57,Canada,"['prove', 'stop']"
Apple,2024-05-15,36,India,"['forward', 'receive']"
Tesla,2024-05-15,24,UK,"['agency', 'bed']"
Google,2024-05-15,2,India,"['I', 'much']"
Netflix,2024-05-15,43,Germany,"['international', 'risk']"
Amazon,2024-05-15,75,Germany,"['moment', 'mother']"
Apple,2024-05-16,46,Canada,"['relationship', 'between']"
Tesla,2024-05-16,55,Germany,"['impact', 'company']"
Google,2024-05-16,67,United States,"['young', 'at']"
Netflix,2024-05-16,25,Canada,"['vote', 'oil']"
Amazon,2024-05-16,50,UK,"['top', 'prevent']"
Apple,2024-05-17,51,Canada,"['affect', 'end']"
Tesla,2024-05-17,20,Canada,"['position', 'project']"
Google,2024-05-17,85,Germany,"['oil', 'serve']"
Netflix,2024-05-17,92,United States,"['structure', 'at']"
Amazon,2024-05-17,46,India,"['minute', 'others']"
Apple,2024-05-18,76,Germany,"['case', 'focus']"
Tesla,2024-05-18,21,UK,"['about', 'issue']"
Google,2024-05-18,82,Canada,"['perhaps', 'miss']"
Netflix,2024-05-18,67,India,"['management', 'risk']"
Amazon,2024-05-18,83,Canada,"['treatment', 'truth']"
Apple,2024-05-19,77,Germany,"['difference', 'hand']"
Tesla,2024-05-19,41,UK,"['capital', 'participant']"
Google,2024-05-19,43,India,"['support', 'career']"
Netflix,2024-05-19,75,United States,"['fear', 'purpose']"
Amazon,2024-05-19,8,Canada,"['road', 'environmental']"
Apple,2024-05-20,55,UK,"['people', 'receive']"
Tesla,2024-05-20,51,India,"['head', 'state']"
Google,2024-05-20,41,United States,"['those', 'open']"
Netflix,2024-05-20,97,India,"['reach', 'land']"
Amazon,2024-05-20,30,Canada,"['son', 'very']"
Apple,2024-05-21,56,Canada,"['east', 'information']"
Tesla,2024-05-21,84,India,"['him', 'quite']"
Google,2024-05-21,45,Canada,"['phone', 'author']"
Netflix,2024-05-21,42,Germany,"['wonder', 'once']"
Amazon,2024-05-21,5,United States,"['line', 'blue']"
Apple,2024-05-22,4,UK,"['number', 'because']"
Tesla,2024-05-22,33,Canada,"['prevent', 'girl']"
Google,2024-05-22,29,India,"['career', 'color']"
Netflix,2024-05-22,46,UK,"['society', 'memory']"
Amazon,2024-05-22,3,Germany,"['because', 'close']"
Apple,2024-05-23,29,UK,"['under', 'deal']"
Tesla,2024-05-23,6,UK,"['tough', 'store']"
Google,2024-05-23,42,United States,"['build', 'history']"
Netflix,2024-05-23,39,United States,"['response', 'campaign']"
Amazon,2024-05-23,84,UK,"['future', 'design']"
Apple,2024-05-24,90,Germany,"['meeting', 'behavior']"
Tesla,2024-05-24,34,UK,"['view', 'expert']"
Google,2024-05-24,84,Canada,"['enter', 'the']"
Netflix,2024-05-24,3,UK,"['suffer', 'return']"
Amazon,2024-05-24,66,India,"['foreign', 'identify']"
Apple,2024-05-25,84,India,"['think', 'present']"
Tesla,2024-05-25,86,Canada,"['us', 'order']"
Google,2024-05-25,19,UK,"['Mr', 'ahead']"
Netflix,2024-05-25,90,India,"['should', 'old']"
Amazon,2024-05-25,35,United States,"['would', 'choose']"
Apple,2024-05-26,4,UK,"['me', 'miss']"
Tesla,2024-05-26,84,Canada,"['own', 'fly']"
Google,2024-05-26,75,United States,"['understand', 'listen']"
Netflix,2024-05-26,37,Germany,"['tend', 'more']"
Amazon,2024-05-26,19,India,"['require', 'add']"
Apple,2024-05-27,95,Germany,"['north', 'type']"
Tesla,2024-05-27,31,Germany,"['section', 'alone']"
Google,2024-05-27,37,UK,"['arrive', 'sometimes']"
Netflix,2024-05-27,11,India,"['more', 'clearly']"
Amazon,2024-05-27,3,Canada,"['purpose', 'song']"
Apple,2024-05-28,43,UK,"['adult', 'plan']"
Tesla,2024-05-28,75,UK,"['treat', 'defense']"
Google,2024-05-28,95,Canada,"['major', 'study']"
Netflix,2024-05-28,53,Canada,"['ball', 'recognize']"
Amazon,2024-05-28,27,India,"['and', 'order']"
Apple,2024-05-29,21,United States,"['cost', 'response']"
Tesla,2024-05-29,91,India,"['war', 'former']"
Google,2024-05-29,83,UK,"['however', 'explain']"
Netflix,2024-05-29,40,Canada,"['investment', 'nature']"
Amazon,2024-05-29,14,United States,"['recent', 'network']"
Apple,2024-05-30,71,India,"['laugh', 'model']"
Tesla,2024-05-30,52,United States,"['maybe', 'federal']"
Google,2024-05-30,12,India,"['cut', 'quite']"
Netflix,2024-05-30,55,UK,"['thank', 'trial']"
Amazon,2024-05-30,22,UK,"['few', 'off']"
Apple,2024-05-31,7,India,"['behind', 'other']"
Tesla,2024-05-31,79,Germany,"['forget', 'letter']"
Google,2024-05-31,93,Canada,"['work', 'risk']"
Netflix,2024-05-31,26,Canada,"['real', 'leave']"
Amazon,2024-05-31,56,Germany,"['become', 'north']"
Apple,2024-06-01,37,India,"['part', 'ten']"
Tesla,2024-06-01,5,India,"['leg', 'mean']"
Google,2024-06-01,52,India,"['manager', 'voice']"
Netflix,2024-06-01,30,United States,"['probably', 'able']"
Amazon,2024-06-01,83,United States,"['nearly', 'American']"
Apple,2024-06-02,39,India,"['interview', 'crime']"
Tesla,2024-06-02,34,United States,"['vote', 'cut']"
Google,2024-06-02,53,Canada,"['garden', 'out']"
Netflix,2024-06-02,51,India,"['push', 'ready']"
Amazon,2024-06-02,83,United States,"['eight', 'scientist']"
Apple,2024-06-03,24,Canada,"['see', 'how']"
Tesla,2024-06-03,61,Canada,"['term', 'well']"
Google,2024-06-03,45,United States,"['end', 'also']"
Netflix,2024-06-03,12,Germany,"['message', 'class']"
Amazon,2024-06-03,66,UK,"['almost', 'teach']"
Apple,2024-06-04,77,UK,"['hand', 'one']"
Tesla,2024-06-04,78,India,"['garden', 'remember']"
Google,2024-06-04,38,Germany,"['between', 'seem']"
Netflix,2024-06-04,81,United States,"['five', 'baby']"
Amazon,2024-06-04,42,UK,"['significant', 'citizen']"
Apple,2024-06-05,40,UK,"['available', 'add']"
Tesla,2024-06-05,42,Germany,"['necessary', 'arrive']"
Google,2024-06-05,48,Canada,"['with', 'catch']"
Netflix,2024-06-05,26,United States,"['might', 'left']"
Amazon,2024-06-05,32,UK,"['game', 'task']"
Apple,2024-06-06,56,United States,"['management', 'board']"
Tesla,2024-06-06,75,Canada,"['hour', 'realize']"
Google,2024-06-06,80,Germany,"['budget', 'detail']"
Netflix,2024-06-06,90,Canada,"['soldier', 'at']"
Amazon,2024-06-06,34,Germany,"['face', 'campaign']"
Apple,2024-06-07,8,India,"['who', 'space']"
Tesla,2024-06-07,71,United States,"['sea', 'oil']"
Google,2024-06-07,29,UK,"['half', 'fund']"
Netflix,2024-06-07,70,Germany,"['continue', 'I']"
Amazon,2024-06-07,13,United States,"['month', 'without']"
Apple,2024-06-08,98,UK,"['value', 'likely']"
Tesla,2024-06-08,3,Canada,"['population', 'sure']"
Google,2024-06-08,27,United States,"['lot', 'tree']"
Netflix,2024-06-08,79,UK,"['four', 'low']"
Amazon,2024-06-08,11,India,"['low', 'player']"
Apple,2024-06-09,63,India,"['final', 'sign']"
Tesla,2024-06-09,88,Germany,"['after', 'particular']"
Google,2024-06-09,5,United States,"['tonight', 'arrive']"
Netflix,2024-06-09,41,India,"['agent', 'begin']"
Amazon,2024-06-09,13,Canada,"['help', 'surface']"
Apple,2024-06-10,6,Canada,"['too', 'seat']"
Tesla,2024-06-10,24,Canada,"['clearly', 'his']"
Google,2024-06-10,29,UK,"['wrong', 'suggest']"
Netflix,2024-06-10,61,United States,"['relationship', 'message']"
Amazon,2024-06-10,81,UK,"['bit', 'health']"
Apple,2024-06-11,15,Canada,"['billion', 'between']"
Tesla,2024-06-11,96,United States,"['fear', 'front']"
Google,2024-06-11,24,India,"['process', 'activity']"
Netflix,2024-06-11,74,UK,"['positive', 'wrong']"
Amazon,2024-06-11,39,Canada,"['company', 'event']"
Apple,2024-06-12,100,India,"['usually', 'recognize']"
Tesla,2024-06-12,45,India,"['letter', 'peace']"
Google,2024-06-12,85,Canada,"['activity', 'animal']"
Netflix,2024-06-12,96,Canada,"['tend', 'power']"
Amazon,2024-06-12,43,Canada,"['story', 'site']"
Apple,2024-06-13,65,UK,"['body', 'various']"
Tesla,2024-06-13,0,Canada,"['throughout', 'whole']"
Google,2024-06-13,84,Canada,"['force', 'network']"
Netflix,2024-06-13,43,UK,"['line', 'sign']"
Amazon,2024-06-13,68,United States,"['development', 'education']"
Apple,2024-06-14,18,UK,"['support', 'nor']"
Tesla,2024-06-14,41,India,"['only', 'learn']"
Google,2024-06-14,42,Germany,"['eight', 'size']"
Netflix,2024-06-14,17,UK,"['group', 'question']"
Amazon,2024-06-14,9,Germany,"['media', 'after']"
Apple,2024-06-15,14,UK,"['people', 'term']"
Tesla,2024-06-15,10,India,"['choice', 'between']"
Google,2024-06-15,88,United States,"['business', 'grow']"
Netflix,2024-06-15,36,India,"['range', 'want']"
Amazon,2024-06-15,40,UK,"['build', 'mention']"
Apple,2024-06-16,12,Germany,"['matter', 'want']"
Tesla,2024-06-16,63,United States,"['agency', 'upon']"
Google,2024-06-16,63,Germany,"['low', 'main']"
Netflix,2024-06-16,66,Germany,"['direction', 'provide']"
Amazon,2024-06-16,6,Canada,"['difficult', 'sort']"
Apple,2024-06-17,31,United States,"['through', 'part']"
Tesla,2024-06-17,30,United States,"['degree', 'set']"
Google,2024-06-17,26,UK,"['certainly', 'tough']"
Netflix,2024-06-17,86,Germany,"['often', 'money']"
Amazon,2024-06-17,34,India,"['mission', 'itself']"
Apple,2024-06-18,14,India,"['important', 'of']"
Tesla,2024-06-18,96,Germany,"['relationship', 'produce']"
Google,2024-06-18,93,Germany,"['least', 'rule']"
Netflix,2024-06-18,89,UK,"['goal', 'western']"
Amazon,2024-06-18,28,Canada,"['American', 'world']"
Apple,2024-06-19,88,India,"['decade', 'they']"
Tesla,2024-06-19,39,India,"['guess', 'fall']"
Google,2024-06-19,71,India,"['skill', 'already']"
Netflix,2024-06-19,89,United States,"['garden', 'ask']"
Amazon,2024-06-19,26,Germany,"['report', 'pick']"
Apple,2024-06-20,37,Germany,"['couple', 'the']"
Tesla,2024-06-20,41,India,"['carry', 'face']"
Google,2024-06-20,33,Canada,"['second', 'thousand']"
Netflix,2024-06-20,87,Canada,"['understand', 'environment']"
Amazon,2024-06-20,70,India,"['start', 'cell']"
Apple,2024-06-21,86,Canada,"['rule', 'alone']"
Tesla,2024-06-21,25,Germany,"['offer', 'level']"
Google,2024-06-21,82,UK,"['husband', 'news']"
Netflix,2024-06-21,84,Germany,"['conference', 'responsibility']"
Amazon,2024-06-21,25,Germany,"['marriage', 'local']"
Apple,2024-06-22,28,Germany,"['actually', 'painting']"
Tesla,2024-06-22,68,India,"['husband', 'number']"
Google,2024-06-22,79,UK,"['traditional', 'where']"
Netflix,2024-06-22,36,United States,"['environment', 'would']"
Amazon,2024-06-22,12,United States,"['away', 'include']"
Apple,2024-06-23,33,UK,"['turn', 'high']"
Tesla,2024-06-23,94,United States,"['police', 'benefit']"
Google,2024-06-23,81,UK,"['church', 'commercial']"
Netflix,2024-06-23,52,UK,"['strategy', 'yourself']"
Amazon,2024-06-23,53,Germany,"['fall', 'another']"
Apple,2024-06-24,90,Canada,"['bit', 'recognize']"
Tesla,2024-06-24,86,India,"['trial', 'unit']"
Google,2024-06-24,65,United States,"['term', 'avoid']"
Netflix,2024-06-24,20,UK,"['crime', 'find']"
Amazon,2024-06-24,74,UK,"['never', 'cup']"
Apple,2024-06-25,54,United States,"['according', 'TV']"
Tesla,2024-06-25,87,UK,"['fire', 'fine']"
Google,2024-06-25,61,Germany,"['purpose', 'suffer']"
Netflix,2024-06-25,41,UK,"['since', 'child']"
Amazon,2024-06-25,42,UK,"['Mr', 'green']"
Apple,2024-06-26,5,India,"['former', 'audience']"
Tesla,2024-06-26,36,UK,"['friend', 'cell']"
Google,2024-06-26,48,Canada,"['check', 'environment']"
Netflix,2024-06-26,36,UK,"['anyone', 'source']"
Amazon,2024-06-26,95,Germany,"['serious', 'low']"
Apple,2024-06-27,10,Germany,"['human', 'age']"
Tesla,2024-06-27,75,United States,"['throw', 'according']"
Google,2024-06-27,35,UK,"['certain', 'kid']"
Netflix,2024-06-27,59,Canada,"['check', 'share']"
Amazon,2024-06-27,7,Canada,"['lawyer', 'three']"
Apple,2024-06-28,15,United States,"['arm', 'forward']"
Tesla,2024-06-28,67,Germany,"['ago', 'traditional']"
Google,2024-06-28,32,United States,"['office', 'anything']"
Netflix,2024-06-28,56,Germany,"['lose', 'goal']"
Amazon,2024-06-28,67,United States,"['toward', 'some']"
Apple,2024-06-29,31,United States,"['great', 'product']"
Tesla,2024-06-29,24,Germany,"['past', 'laugh']"
Google,2024-06-29,72,United States,"['key', 'data']"
Netflix,2024-06-29,30,Germany,"['tell', 'no']"
Amazon,2024-06-29,18,India,"['bring', 'position']"
Apple,2024-06-30,67,UK,"['hotel', 'nature']"
Tesla,2024-06-30,9,Canada,"['deal', 'small']"
Google,2024-06-30,72,United States,"['discussion', 'teacher']"
Netflix,2024-06-30,74,Canada,"['traditional', 'contain']"
Amazon,2024-06-30,95,Canada,"['skill', 'trade']"
Apple,2024-07-01,78,UK,"['arm', 'camera']"
Tesla,2024-07-01,95,Canada,"['call', 'already']"
Google,2024-07-01,37,UK,"['figure', 'prepare']"
Netflix,2024-07-01,18,UK,"['small', 'reach']"
Amazon,2024-07-01,97,UK,"['recent', 'such']"
Apple,2024-07-02,28,India,"['source', 'move']"
Tesla,2024-07-02,35,Canada,"['gas', 'force']"
Google,2024-07-02,38,India,"['collection', 'personal']"
Netflix,2024-07-02,26,UK,"['strategy', 'number']"
Amazon,2024-07-02,25,UK,"['exist', 'about']"
Apple,2024-07-03,79,United States,"['law', 'push']"
Tesla,2024-07-03,13,India,"['civil', 'force']"
Google,2024-07-03,41,Canada,"['section', 'western']"
Netflix,2024-07-03,62,Germany,"['during', 'population']"
Amazon,2024-07-03,37,United States,"['enjoy', 'coach']"
Apple,2024-07-04,27,Germany,"['floor', 'girl']"
Tesla,2024-07-04,16,United States,"['improve', 'image']"
Google,2024-07-04,97,Germany,"['condition', 'be']"
Netflix,2024-07-04,72,United States,"['because', 'world']"
Amazon,2024-07-04,40,Germany,"['be', 'film']"
Apple,2024-07-05,49,Germany,"['away', 'budget']"
Tesla,2024-07-05,87,United States,"['past', 'born']"
Google,2024-07-05,90,Canada,"['face', 'resource']"
Netflix,2024-07-05,17,Germany,"['number', 'agent']"
Amazon,2024-07-05,91,Germany,"['take', 'develop']"
Apple,2024-07-06,50,India,"['appear', 'maybe']"
Tesla,2024-07-06,88,UK,"['here', 'agent']"
Google,2024-07-06,71,Germany,"['herself', 'rock']"
Netflix,2024-07-06,53,Germany,"['research', 'whatever']"
Amazon,2024-07-06,18,Canada,"['no', 'easy']"
Apple,2024-07-07,11,Germany,"['experience', 'difficult']"
Tesla,2024-07-07,43,Canada,"['job', 'others']"
Google,2024-07-07,79,India,"['each', 'green']"
Netflix,2024-07-07,91,Canada,"['rule', 'minute']"
Amazon,2024-07-07,22,India,"['city', 'especially']"
Apple,2024-07-08,83,Germany,"['coach', 'director']"
Tesla,2024-07-08,93,Canada,"['way', 'need']"
Google,2024-07-08,81,UK,"['its', 'official']"
Netflix,2024-07-08,11,India,"['chance', 'about']"
Amazon,2024-07-08,69,India,"['area', 'realize']"
Apple,2024-07-09,59,India,"['democratic', 'appear']"
Tesla,2024-07-09,71,India,"['PM', 'use']"
Google,2024-07-09,14,United States,"['along', 'year']"
Netflix,2024-07-09,69,India,"['cup', 'could']"
Amazon,2024-07-09,1,Germany,"['daughter', 'protect']"
Apple,2024-07-10,74,Canada,"['protect', 'alone']"
Tesla,2024-07-10,99,United States,"['mouth', 'question']"
Google,2024-07-10,69,United States,"['moment', 'with']"
Netflix,2024-07-10,20,India,"['land', 'whole']"
Amazon,2024-07-10,43,Germany,"['value', 'president']"
Apple,2024-07-11,68,UK,"['myself', 'paper']"
Tesla,2024-07-11,11,UK,"['care', 'exist']"
Google,2024-07-11,86,India,"['sister', 'food']"
Netflix,2024-07-11,34,UK,"['decade', 'national']"
Amazon,2024-07-11,80,Germany,"['live', 'down']"
Apple,2024-07-12,10,India,"['bit', 'character']"
Tesla,2024-07-12,66,United States,"['hospital', 'hard']"
Google,2024-07-12,77,United States,"['memory', 'agreement']"
Netflix,2024-07-12,91,Germany,"['let', 'see']"
Amazon,2024-07-12,86,UK,"['fine', 'tonight']"
Apple,2024-07-13,1,UK,"['act', 'west']"
Tesla,2024-07-13,40,Canada,"['person', 'set']"
Google,2024-07-13,47,Canada,"['wall', 'contain']"
Netflix,2024-07-13,31,Canada,"['green', 'since']"
Amazon,2024-07-13,12,Canada,"['news', 'share']"
Apple,2024-07-14,68,Canada,"['respond', 'current']"
Tesla,2024-07-14,34,Canada,"['food', 'with']"
Google,2024-07-14,25,India,"['far', 'much']"
Netflix,2024-07-14,57,India,"['staff', 'decision']"
Amazon,2024-07-14,29,Canada,"['medical', 'author']"
Apple,2024-07-15,33,Germany,"['situation', 'issue']"
Tesla,2024-07-15,67,Germany,"['worry', 'thought']"
Google,2024-07-15,33,India,"['best', 'film']"
Netflix,2024-07-15,41,India,"['suggest', 'effort']"
Amazon,2024-07-15,82,United States,"['town', 'recently']"
Apple,2024-07-16,55,India,"['every', 'relationship']"
Tesla,2024-07-16,4,India,"['fight', 'rule']"
Google,2024-07-16,68,United States,"['alone', 'customer']"
Netflix,2024-07-16,99,India,"['society', 'area']"
Amazon,2024-07-16,43,Germany,"['level', 'space']"
Apple,2024-07-17,5,United States,"['low', 'than']"
Tesla,2024-07-17,54,India,"['home', 'describe']"
Google,2024-07-17,100,India,"['site', 'action']"
Netflix,2024-07-17,79,Canada,"['she', 'others']"
Amazon,2024-07-17,30,Canada,"['soon', 'teach']"
Apple,2024-07-18,72,Canada,"['else', 'color']"
Tesla,2024-07-18,85,Canada,"['Congress', 'throughout']"
Google,2024-07-18,33,Canada,"['only', 'something']"
Netflix,2024-07-18,60,UK,"['analysis', 'bad']"
Amazon,2024-07-18,29,India,"['live', 'lead']"
Apple,2024-07-19,23,Canada,"['medical', 'week']"
Tesla,2024-07-19,37,Germany,"['administration', 'media']"
Google,2024-07-19,52,UK,"['data', 'toward']"
Netflix,2024-07-19,60,Canada,"['against', 'future']"
Amazon,2024-07-19,51,Germany,"['check', 'stay']"
Apple,2024-07-20,39,UK,"['song', 'paper']"
Tesla,2024-07-20,100,India,"['wonder', 'design']"
Google,2024-07-20,6,UK,"['hospital', 'those']"
Netflix,2024-07-20,23,India,"['interesting', 'southern']"
Amazon,2024-07-20,15,United States,"['Mrs', 'hair']"
Apple,2024-07-21,76,Germany,"['area', 'character']"
Tesla,2024-07-21,14,Canada,"['current', 'mention']"
Google,2024-07-21,30,UK,"['turn', 'voice']"
Netflix,2024-07-21,97,India,"['talk', 'wish']"
Amazon,2024-07-21,35,United States,"['wife', 'war']"
Apple,2024-07-22,75,Canada,"['office', 'from']"
Tesla,2024-07-22,23,UK,"['however', 'quite']"
Google,2024-07-22,92,UK,"['size', 'affect']"
Netflix,2024-07-22,92,UK,"['operation', 'country']"
Amazon,2024-07-22,75,United States,"['imagine', 'those']"
Apple,2024-07-23,36,UK,"['support', 'trip']"
Tesla,2024-07-23,4,Canada,"['only', 'soldier']"
Google,2024-07-23,70,United States,"['same', 'toward']"
Netflix,2024-07-23,58,Canada,"['kid', 'box']"
Amazon,2024-07-23,95,UK,"['father', 'as']"
Apple,2024-07-24,88,UK,"['hold', 'state']"
Tesla,2024-07-24,62,UK,"['study', 'very']"
Google,2024-07-24,58,Canada,"['by', 'response']"
Netflix,2024-07-24,8,Germany,"['performance', 'TV']"
Amazon,2024-07-24,56,Canada,"['chance', 'throw']"
Apple,2024-07-25,18,Canada,"['available', 'remain']"
Tesla,2024-07-25,61,United States,"['whom', 'condition']"
Google,2024-07-25,40,UK,"['training', 'nothing']"
Netflix,2024-07-25,64,United States,"['child', 'long']"
Amazon,2024-07-25,0,India,"['class', 'yeah']"
Apple,2024-07-26,14,India,"['policy', 'research']"
Tesla,2024-07-26,63,India,"['down', 'capital']"
Google,2024-07-26,94,UK,"['bank', 'evidence']"
Netflix,2024-07-26,72,Germany,"['music', 'board']"
Amazon,2024-07-26,26,India,"['fine', 'man']"
Apple,2024-07-27,38,India,"['realize', 'again']"
Tesla,2024-07-27,28,United States,"['others', 'pretty']"
Google,2024-07-27,30,Canada,"['pick', 'move']"
Netflix,2024-07-27,10,United States,"['add', 'why']"
Amazon,2024-07-27,28,India,"['its', 'result']"
Apple,2024-07-28,24,India,"['region', 'want']"
Tesla,2024-07-28,65,Germany,"['option', 'support']"
Google,2024-07-28,46,Germany,"['second', 'her']"
Netflix,2024-07-28,16,Canada,"['someone', 'way']"
Amazon,2024-07-28,20,United States,"['discuss', 'current']"
Apple,2024-07-29,100,Canada,"['response', 'about']"
Tesla,2024-07-29,68,Germany,"['apply', 'garden']"
Google,2024-07-29,84,United States,"['understand', 'movement']"
Netflix,2024-07-29,97,UK,"['who', 'knowledge']"
Amazon,2024-07-29,44,Germany,"['evening', 'fire']"
Apple,2024-07-30,85,Germany,"['eight', 'woman']"
Tesla,2024-07-30,61,Canada,"['from', 'young']"
Google,2024-07-30,71,India,"['whole', 'less']"
Netflix,2024-07-30,8,United States,"['gas', 'technology']"
Amazon,2024-07-30,92,Canada,"['debate', 'total']"
Apple,2024-07-31,94,Germany,"['baby', 'measure']"
Tesla,2024-07-31,97,Germany,"['she', 'third']"
Google,2024-07-31,53,India,"['at', 'drive']"
Netflix,2024-07-31,98,UK,"['now', 'himself']"
Amazon,2024-07-31,70,Canada,"['serve', 'item']"
Apple,2024-08-01,65,India,"['film', 'western']"
Tesla,2024-08-01,89,Canada,"['total', 'bad']"
Google,2024-08-01,55,India,"['rule', 'accept']"
Netflix,2024-08-01,46,United States,"['number', 'hour']"
Amazon,2024-08-01,53,India,"['instead', 'song']"
Apple,2024-08-02,43,India,"['determine', 'collection']"
Tesla,2024-08-02,86,Germany,"['focus', 'speak']"
Google,2024-08-02,67,India,"['difference', 'appear']"
Netflix,2024-08-02,53,India,"['draw', 'adult']"
Amazon,2024-08-02,44,United States,"['service', 'firm']"
Apple,2024-08-03,57,Canada,"['lawyer', 'citizen']"
Tesla,2024-08-03,37,UK,"['paper', 'something']"
Google,2024-08-03,57,Canada,"['anything', 'commercial']"
Netflix,2024-08-03,89,United States,"['wonder', 'nice']"
Amazon,2024-08-03,43,United States,"['him', 'theory']"
Apple,2024-08-04,63,Germany,"['manage', 'step']"
Tesla,2024-08-04,23,India,"['agent', 'government']"
Google,2024-08-04,0,UK,"['pass', 'financial']"
Netflix,2024-08-04,90,Germany,"['husband', 'federal']"
Amazon,2024-08-04,88,UK,"['ok', 'treatment']"
Apple,2024-08-05,9,Canada,"['to', 'matter']"
Tesla,2024-08-05,34,Germany,"['shoulder', 'miss']"
Google,2024-08-05,1,Canada,"['admit', 'my']"
Netflix,2024-08-05,0,Canada,"['for', 'ready']"
Amazon,2024-08-05,42,UK,"['best', 'leg']"
Apple,2024-08-06,78,India,"['power', 'customer']"
Tesla,2024-08-06,12,India,"['floor', 'mission']"
Google,2024-08-06,24,Canada,"['peace', 'arm']"
Netflix,2024-08-06,23,UK,"['trouble', 'something']"
Amazon,2024-08-06,0,Canada,"['easy', 'central']"
Apple,2024-08-07,57,United States,"['modern', 'must']"
Tesla,2024-08-07,64,Canada,"['medical', 'Democrat']"
Google,2024-08-07,81,UK,"['exactly', 'anything']"
Netflix,2024-08-07,83,India,"['baby', 'structure']"
Amazon,2024-08-07,62,India,"['value', 'tend']"
Apple,2024-08-08,68,Canada,"['fast', 'machine']"
Tesla,2024-08-08,32,Canada,"['affect', 'fear']"
Google,2024-08-08,28,Germany,"['every', 'job']"
Netflix,2024-08-08,66,UK,"['strong', 'require']"
Amazon,2024-08-08,9,Germany,"['often', 'share']"
Apple,2024-08-09,98,United States,"['forward', 'concern']"
Tesla,2024-08-09,61,Germany,"['speech', 'alone']"
Google,2024-08-09,50,UK,"['dream', 'natural']"
Netflix,2024-08-09,99,India,"['right', 'seat']"
Amazon,2024-08-09,74,UK,"['region', 'city']"
Apple,2024-08-10,86,India,"['during', 'radio']"
Tesla,2024-08-10,59,UK,"['sport', 'various']"
Google,2024-08-10,91,Germany,"['kitchen', 'fine']"
Netflix,2024-08-10,60,UK,"['show', 'military']"
Amazon,2024-08-10,58,UK,"['serious', 'likely']"
Apple,2024-08-11,4,Germany,"['nearly', 'military']"
Tesla,2024-08-11,63,Germany,"['note', 'bar']"
Google,2024-08-11,72,Germany,"['south', 'week']"
Netflix,2024-08-11,52,Canada,"['year', 'mother']"
Amazon,2024-08-11,4,United States,"['safe', 'similar']"
Apple,2024-08-12,52,India,"['food', 'hit']"
Tesla,2024-08-12,11,Germany,"['guess', 'buy']"
Google,2024-08-12,61,Canada,"['executive', 'let']"
Netflix,2024-08-12,31,India,"['relationship', 'no']"
Amazon,2024-08-12,45,Canada,"['arrive', 'nor']"
Apple,2024-08-13,2,UK,"['break', 'expect']"
Tesla,2024-08-13,58,UK,"['executive', 'Democrat']"
Google,2024-08-13,49,India,"['room', 'style']"
Netflix,2024-08-13,23,India,"['green', 'according']"
Amazon,2024-08-13,35,United States,"['inside', 'maybe']"
Apple,2024-08-14,55,Germany,"['machine', 'catch']"
Tesla,2024-08-14,53,United States,"['figure', 'however']"
Google,2024-08-14,59,Germany,"['under', 'scientist']"
Netflix,2024-08-14,87,United States,"['article', 'give']"
Amazon,2024-08-14,24,India,"['nation', 'nation']"
Apple,2024-08-15,32,Canada,"['music', 'bad']"
Tesla,2024-08-15,30,United States,"['place', 'report']"
Google,2024-08-15,32,United States,"['exactly', 'defense']"
Netflix,2024-08-15,94,UK,"['see', 'while']"
Amazon,2024-08-15,80,United States,"['same', 'market']"
Apple,2024-08-16,15,Germany,"['bag', 'treat']"
Tesla,2024-08-16,51,Germany,"['south', 'site']"
Google,2024-08-16,8,Canada,"['arrive', 'whole']"
Netflix,2024-08-16,93,Germany,"['service', 'house']"
Amazon,2024-08-16,21,United States,"['none', 'building']"
Apple,2024-08-17,22,India,"['we', 'despite']"
Tesla,2024-08-17,14,UK,"['personal', 'begin']"
Google,2024-08-17,26,Canada,"['cultural', 'challenge']"
Netflix,2024-08-17,99,Germany,"['protect', 'work']"
Amazon,2024-08-17,22,UK,"['item', 'water']"
Apple,2024-08-18,28,Canada,"['industry', 'offer']"
Tesla,2024-08-18,94,Germany,"['interview', 'those']"
Google,2024-08-18,86,Canada,"['rule', 'truth']"
Netflix,2024-08-18,42,Canada,"['before', 'wide']"
Amazon,2024-08-18,8,India,"['really', 'sing']"
Apple,2024-08-19,37,Canada,"['discover', 'sport']"
Tesla,2024-08-19,21,Germany,"['identify', 'member']"
Google,2024-08-19,84,United States,"['police', 'degree']"
Netflix,2024-08-19,45,United States,"['as', 'one']"
Amazon,2024-08-19,100,Canada,"['particularly', 'Republican']"
Apple,2024-08-20,63,Canada,"['create', 'decision']"
Tesla,2024-08-20,3,United States,"['environmental', 'soon']"
Google,2024-08-20,25,India,"['trade', 'general']"
Netflix,2024-08-20,5,Canada,"['who', 'think']"
Amazon,2024-08-20,92,UK,"['quite', 'summer']"
Apple,2024-08-21,49,Germany,"['doctor', 'concern']"
Tesla,2024-08-21,46,UK,"['daughter', 'effect']"
Google,2024-08-21,58,Canada,"['become', 'strong']"
Netflix,2024-08-21,84,Germany,"['measure', 'very']"
Amazon,2024-08-21,15,India,"['vote', 'tell']"
Apple,2024-08-22,25,India,"['environment', 'admit']"
Tesla,2024-08-22,45,India,"['fight', 'likely']"
Google,2024-08-22,59,Germany,"['may', 'threat']"
Netflix,2024-08-22,72,United States,"['prove', 'finish']"
Amazon,2024-08-22,64,United States,"['peace', 'him']"
Apple,2024-08-23,17,Canada,"['reduce', 'tell']"
Tesla,2024-08-23,50,UK,"['day', 'again']"
Google,2024-08-23,5,United States,"['yard', 'president']"
Netflix,2024-08-23,32,Germany,"['child', 'enough']"
Amazon,2024-08-23,16,Canada,"['wish', 'whatever']"
Apple,2024-08-24,36,United States,"['involve', 'sea']"
Tesla,2024-08-24,99,UK,"['find', 'light']"
Google,2024-08-24,63,Germany,"['very', 'may']"
Netflix,2024-08-24,5,India,"['level', 'everything']"
Amazon,2024-08-24,18,Germany,"['trip', 'ahead']"
Apple,2024-08-25,59,India,"['address', 'stay']"
Tesla,2024-08-25,58,United States,"['account', 'draw']"
Google,2024-08-25,69,UK,"['place', 'order']"
Netflix,2024-08-25,49,Canada,"['economy', 'peace']"
Amazon,2024-08-25,8,UK,"['state', 'actually']"
Apple,2024-08-26,38,UK,"['career', 'join']"
Tesla,2024-08-26,96,UK,"['capital', 'participant']"
Google,2024-08-26,55,United States,"['cover', 'yard']"
Netflix,2024-08-26,40,India,"['organization', 'character']"
Amazon,2024-08-26,87,UK,"['recent', 'school']"
Apple,2024-08-27,62,Canada,"['could', 'relate']"
Tesla,2024-08-27,45,Germany,"['order', 'opportunity']"
Google,2024-08-27,21,Canada,"['and', 'single']"
Netflix,2024-08-27,70,Germany,"['true', 'here']"
Amazon,2024-08-27,23,UK,"['southern', 'report']"
Apple,2024-08-28,98,UK,"['table', 'stuff']"
Tesla,2024-08-28,1,Germany,"['air', 'create']"
Google,2024-08-28,26,UK,"['head', 'however']"
Netflix,2024-08-28,81,UK,"['sort', 'agreement']"
Amazon,2024-08-28,18,Germany,"['enough', 'size']"
Apple,2024-08-29,18,Canada,"['report', 'family']"
Tesla,2024-08-29,71,Canada,"['example', 'someone']"
Google,2024-08-29,26,United States,"['industry', 'show']"
Netflix,2024-08-29,18,Canada,"['wife', 'particular']"
Amazon,2024-08-29,26,United States,"['doctor', 'smile']"
Apple,2024-08-30,12,Canada,"['community', 'listen']"
Tesla,2024-08-30,5,United States,"['recently', 'coach']"
Google,2024-08-30,74,Canada,"['serve', 'business']"
Netflix,2024-08-30,66,India,"['nearly', 'near']"
Amazon,2024-08-30,58,United States,"['perhaps', 'century']"
Apple,2024-08-31,70,UK,"['available', 'put']"
Tesla,2024-08-31,81,Germany,"['public', 'site']"
Google,2024-08-31,35,India,"['with', 'either']"
Netflix,2024-08-31,38,Canada,"['rest', 'detail']"
Amazon,2024-08-31,21,UK,"['agent', 'can']"
Apple,2024-09-01,89,India,"['month', 'stand']"
Tesla,2024-09-01,65,United States,"['skin', 'unit']"
Google,2024-09-01,1,Germany,"['show', 'hold']"
Netflix,2024-09-01,35,Canada,"['answer', 'forward']"
Amazon,2024-09-01,60,India,"['cold', 'explain']"
Apple,2024-09-02,2,India,"['attack', 'loss']"
Tesla,2024-09-02,30,United States,"['land', 'short']"
Google,2024-09-02,97,Germany,"['war', 'politics']"
Netflix,2024-09-02,20,Germany,"['threat', 'language']"
Amazon,2024-09-02,77,United States,"['water', 'including']"
Apple,2024-09-03,81,Germany,"['across', 'discussion']"
Tesla,2024-09-03,65,India,"['turn', 'develop']"
Google,2024-09-03,71,United States,"['report', 'we']"
Netflix,2024-09-03,24,Germany,"['list', 'into']"
Amazon,2024-09-03,58,India,"['than', 'thousand']"
Apple,2024-09-04,14,Germany,"['generation', 'including']"
Tesla,2024-09-04,39,Germany,"['debate', 'live']"
Google,2024-09-04,87,Germany,"['network', 'clearly']"
Netflix,2024-09-04,77,Canada,"['city', 'walk']"
Amazon,2024-09-04,21,UK,"['young', 'adult']"
Apple,2024-09-05,50,UK,"['worry', 'way']"
Tesla,2024-09-05,0,Germany,"['paper', 'media']"
Google,2024-09-05,14,Germany,"['draw', 'onto']"
Netflix,2024-09-05,36,Canada,"['month', 'development']"
Amazon,2024-09-05,83,Germany,"['best', 'accept']"
Apple,2024-09-06,72,Canada,"['city', 'all']"
Tesla,2024-09-06,17,India,"['traditional', 'truth']"
Google,2024-09-06,93,UK,"['nation', 'community']"
Netflix,2024-09-06,26,Canada,"['staff', 'your']"
Amazon,2024-09-06,53,India,"['data', 'money']"
Apple,2024-09-07,55,UK,"['authority', 'either']"
Tesla,2024-09-07,10,United States,"['usually', 'why']"
Google,2024-09-07,94,Canada,"['month', 'since']"
Netflix,2024-09-07,69,India,"['threat', 'artist']"
Amazon,2024-09-07,37,India,"['eye', 'himself']"
Apple,2024-09-08,85,Germany,"['although', 'president']"
Tesla,2024-09-08,17,UK,"['cost', 'when']"
Google,2024-09-08,61,Germany,"['degree', 'their']"
Netflix,2024-09-08,95,Canada,"['plan', 'my']"
Amazon,2024-09-08,79,United States,"['mean', 'out']"
Apple,2024-09-09,57,Germany,"['soldier', 'store']"
Tesla,2024-09-09,14,Germany,"['guess', 'Mrs']"
Google,2024-09-09,37,Germany,"['home', 'treat']"
Netflix,2024-09-09,25,India,"['after', 'under']"
Amazon,2024-09-09,84,Canada,"['road', 'summer']"
Apple,2024-09-10,45,India,"['find', 'back']"
Tesla,2024-09-10,35,UK,"['want', 'career']"
Google,2024-09-10,5,Germany,"['skill', 'job']"
Netflix,2024-09-10,6,Canada,"['may', 'practice']"
Amazon,2024-09-10,97,India,"['successful', 'computer']"
Apple,2024-09-11,8,United States,"['decade', 'kitchen']"
Tesla,2024-09-11,88,Germany,"['edge', 'behavior']"
Google,2024-09-11,84,Canada,"['difficult', 'recognize']"
Netflix,2024-09-11,50,United States,"['reduce', 'operation']"
Amazon,2024-09-11,56,UK,"['people', 'weight']"
Apple,2024-09-12,74,India,"['their', 'current']"
Tesla,2024-09-12,98,Canada,"['manage', 'reduce']"
Google,2024-09-12,74,Canada,"['reality', 'different']"
Netflix,2024-09-12,79,UK,"['join', 'agent']"
Amazon,2024-09-12,2,India,"['office', 'morning']"
Apple,2024-09-13,89,Canada,"['born', 'call']"
Tesla,2024-09-13,69,Germany,"['goal', 'example']"
Google,2024-09-13,89,Canada,"['the', 'add']"
Netflix,2024-09-13,91,India,"['value', 'anything']"
Amazon,2024-09-13,81,Germany,"['add', 'candidate']"
Apple,2024-09-14,96,Canada,"['popular', 'most']"
Tesla,2024-09-14,70,Canada,"['before', 'future']"
Google,2024-09-14,27,UK,"['bed', 'dark']"
Netflix,2024-09-14,86,UK,"['western', 'prevent']"
Amazon,2024-09-14,59,United States,"['best', 'win']"
Apple,2024-09-15,41,UK,"['possible', 'not']"
Tesla,2024-09-15,93,Germany,"['run', 'seek']"
Google,2024-09-15,85,United States,"['anyone', 'story']"
Netflix,2024-09-15,83,Germany,"['per', 'senior']"
Amazon,2024-09-15,98,Canada,"['position', 'rise']"
Apple,2024-09-16,33,United States,"['put', 'those']"
Tesla,2024-09-16,26,United States,"['federal', 'me']"
Google,2024-09-16,54,Germany,"['task', 'offer']"
Netflix,2024-09-16,54,Canada,"['cover', 'look']"
Amazon,2024-09-16,18,Germany,"['strong', 'head']"
Apple,2024-09-17,69,Canada,"['message', 'away']"
Tesla,2024-09-17,59,UK,"['few', 'avoid']"
Google,2024-09-17,35,Germany,"['dream', 'mother']"
Netflix,2024-09-17,10,Germany,"['indicate', 'race']"
Amazon,2024-09-17,56,Canada,"['friend', 'player']"
Apple,2024-09-18,77,Germany,"['somebody', 'option']"
Tesla,2024-09-18,77,UK,"['nature', 'art']"
Google,2024-09-18,47,India,"['product', 'budget']"
Netflix,2024-09-18,42,Canada,"['certainly', 'compare']"
Amazon,2024-09-18,87,Germany,"['entire', 'compare']"
Apple,2024-09-19,54,UK,"['stay', 'return']"
Tesla,2024-09-19,30,Germany,"['sort', 'certain']"
Google,2024-09-19,86,United States,"['cut', 'what']"
Netflix,2024-09-19,7,Canada,"['goal', 'group']"
Amazon,2024-09-19,59,Canada,"['scientist', 'including']"
Apple,2024-09-20,71,UK,"['admit', 'treatment']"
Tesla,2024-09-20,15,Canada,"['someone', 'guess']"
Google,2024-09-20,11,United States,"['like', 'people']"
Netflix,2024-09-20,56,UK,"['series', 'perform']"
Amazon,2024-09-20,7,India,"['cultural', 'garden']"
Apple,2024-09-21,76,Germany,"['politics', 'arrive']"
Tesla,2024-09-21,9,Germany,"['money', 'letter']"
Google,2024-09-21,20,UK,"['remain', 'example']"
Netflix,2024-09-21,94,Germany,"['control', 'agency']"
Amazon,2024-09-21,62,Canada,"['pull', 'trip']"
Apple,2024-09-22,3,UK,"['yard', 'down']"
Tesla,2024-09-22,10,India,"['now', 'include']"
Google,2024-09-22,3,UK,"['Mrs', 'church']"
Netflix,2024-09-22,15,UK,"['star', 'more']"
Amazon,2024-09-22,6,Canada,"['from', 'himself']"
Apple,2024-09-23,68,Germany,"['appear', 'apply']"
Tesla,2024-09-23,48,Germany,"['quality', 'which']"
Google,2024-09-23,5,United States,"['ask', 'raise']"
Netflix,2024-09-23,21,Germany,"['reason', 'just']"
Amazon,2024-09-23,61,India,"['Republican', 'get']"
Apple,2024-09-24,52,Germany,"['turn', 'which']"
Tesla,2024-09-24,58,Germany,"['account', 'feel']"
Google,2024-09-24,27,Germany,"['quickly', 'kind']"
Netflix,2024-09-24,45,UK,"['social', 'need']"
Amazon,2024-09-24,67,UK,"['black', 'try']"
Apple,2024-09-25,14,Canada,"['enjoy', 'television']"
Tesla,2024-09-25,87,United States,"['president', 'door']"
Google,2024-09-25,13,India,"['realize', 'bit']"
Netflix,2024-09-25,20,India,"['either', 'somebody']"
Amazon,2024-09-25,81,India,"['be', 'stay']"
Apple,2024-09-26,80,India,"['policy', 'behavior']"
Tesla,2024-09-26,55,India,"['none', 'food']"
Google,2024-09-26,59,United States,"['southern', 'among']"
Netflix,2024-09-26,67,India,"['Republican', 'cut']"
Amazon,2024-09-26,65,India,"['nice', 'also']"
Apple,2024-09-27,26,Canada,"['past', 'five']"
Tesla,2024-09-27,20,Canada,"['type', 'wear']"
Google,2024-09-27,99,Canada,"['mean', 'environmental']"
Netflix,2024-09-27,83,UK,"['face', 'rather']"
Amazon,2024-09-27,16,Canada,"['development', 'present']"
Apple,2024-09-28,50,India,"['include', 'tend']"
Tesla,2024-09-28,24,India,"['people', 'car']"
Google,2024-09-28,75,Germany,"['include', 'why']"
Netflix,2024-09-28,54,Germany,"['action', 'prevent']"
Amazon,2024-09-28,18,Canada,"['act', 'president']"
Apple,2024-09-29,50,Germany,"['wide', 'after']"
Tesla,2024-09-29,10,UK,"['any', 'far']"
Google,2024-09-29,68,Canada,"['report', 'cell']"
Netflix,2024-09-29,9,India,"['again', 'word']"
Amazon,2024-09-29,32,Germany,"['happen', 'public']"
Apple,2024-09-30,1,India,"['move', 'discuss']"
Tesla,2024-09-30,93,Canada,"['deal', 'work']"
Google,2024-09-30,1,India,"['including', 'difficult']"
Netflix,2024-09-30,6,Germany,"['off', 'understand']"
Amazon,2024-09-30,38,Canada,"['look', 'again']"
Apple,2024-10-01,11,United States,"['success', 'certain']"
Tesla,2024-10-01,28,India,"['address', 'four']"
Google,2024-10-01,34,India,"['defense', 'seven']"
Netflix,2024-10-01,30,Germany,"['standard', 'north']"
Amazon,2024-10-01,45,Canada,"['cut', 'player']"
Apple,2024-10-02,84,United States,"['response', 'rule']"
Tesla,2024-10-02,94,Germany,"['near', 'company']"
Google,2024-10-02,68,United States,"['behavior', 'dream']"
Netflix,2024-10-02,20,India,"['listen', 'gun']"
Amazon,2024-10-02,30,United States,"['wall', 'too']"
Apple,2024-10-03,60,United States,"['citizen', 'explain']"
Tesla,2024-10-03,7,Germany,"['leader', 'other']"
Google,2024-10-03,100,Germany,"['herself', 'push']"
Netflix,2024-10-03,35,India,"['both', 'finish']"
Amazon,2024-10-03,81,Germany,"['might', 'throw']"
Apple,2024-10-04,57,Canada,"['traditional', 'who']"
Tesla,2024-10-04,90,Germany,"['tax', 'suffer']"
Google,2024-10-04,20,Germany,"['face', 'your']"
Netflix,2024-10-04,69,Germany,"['common', 'woman']"
Amazon,2024-10-04,40,UK,"['least', 'billion']"
Apple,2024-10-05,95,UK,"['theory', 'lose']"
Tesla,2024-10-05,94,United States,"['born', 'make']"
Google,2024-10-05,13,India,"['feel', 'black']"
Netflix,2024-10-05,45,Germany,"['successful', 'front']"
Amazon,2024-10-05,87,Germany,"['consumer', 'field']"
Apple,2024-10-06,67,Canada,"['paper', 'support']"
Tesla,2024-10-06,16,United States,"['listen', 'kitchen']"
Google,2024-10-06,55,United States,"['story', 'audience']"
Netflix,2024-10-06,89,UK,"['local', 'as']"
Amazon,2024-10-06,57,Canada,"['large', 'meeting']"
Apple,2024-10-07,77,Germany,"['ball', 'conference']"
Tesla,2024-10-07,74,India,"['development', 'inside']"
Google,2024-10-07,11,UK,"['pass', 'role']"
Netflix,2024-10-07,99,United States,"['opportunity', 'let']"
Amazon,2024-10-07,52,India,"['like', 'together']"
Apple,2024-10-08,19,Canada,"['at', 'mean']"
Tesla,2024-10-08,63,UK,"['past', 'specific']"
Google,2024-10-08,96,Germany,"['step', 'court']"
Netflix,2024-10-08,19,Germany,"['mind', 'act']"
Amazon,2024-10-08,75,UK,"['bed', 'measure']"
Apple,2024-10-09,42,Canada,"['bank', 'only']"
Tesla,2024-10-09,96,Canada,"['attorney', 'different']"
Google,2024-10-09,5,United States,"['term', 'natural']"
Netflix,2024-10-09,34,UK,"['with', 'performance']"
Amazon,2024-10-09,89,United States,"['share', 'hit']"
Apple,2024-10-10,60,Germany,"['company', 'economy']"
Tesla,2024-10-10,32,United States,"['successful', 'product']"
Google,2024-10-10,20,Germany,"['give', 'hundred']"
Netflix,2024-10-10,25,Germany,"['face', 'share']"
Amazon,2024-10-10,99,UK,"['site', 'magazine']"
Apple,2024-10-11,58,Canada,"['central', 'argue']"
Tesla,2024-10-11,21,United States,"['right', 'life']"
Google,2024-10-11,32,Germany,"['girl', 'author']"
Netflix,2024-10-11,94,United States,"['although', 'major']"
Amazon,2024-10-11,27,Germany,"['color', 'manager']"
Apple,2024-10-12,65,India,"['evidence', 'language']"
Tesla,2024-10-12,18,United States,"['letter', 'necessary']"
Google,2024-10-12,77,Canada,"['try', 'provide']"
Netflix,2024-10-12,32,UK,"['support', 'black']"
Amazon,2024-10-12,38,India,"['station', 'one']"
Apple,2024-10-13,40,India,"['plan', 'husband']"
Tesla,2024-10-13,0,Germany,"['keep', 'writer']"
Google,2024-10-13,35,Canada,"['sing', 'understand']"
Netflix,2024-10-13,69,Canada,"['pass', 'represent']"
Amazon,2024-10-13,82,United States,"['trip', 'question']"
Apple,2024-10-14,79,Canada,"['couple', 'late']"
Tesla,2024-10-14,38,Germany,"['result', 'write']"
Google,2024-10-14,13,Germany,"['although', 'through']"
Netflix,2024-10-14,74,UK,"['rich', 'once']"
Amazon,2024-10-14,45,UK,"['along', 'wall']"
Apple,2024-10-15,10,Germany,"['house', 'sometimes']"
Tesla,2024-10-15,36,UK,"['service', 'style']"
Google,2024-10-15,16,India,"['community', 'coach']"
Netflix,2024-10-15,51,India,"['peace', 'ahead']"
Amazon,2024-10-15,60,UK,"['my', 'energy']"
Apple,2024-10-16,96,United States,"['talk', 'before']"
Tesla,2024-10-16,26,UK,"['world', 'third']"
Google,2024-10-16,30,Canada,"['huge', 'store']"
Netflix,2024-10-16,95,Canada,"['goal', 'reason']"
Amazon,2024-10-16,42,Germany,"['into', 'on']"
Apple,2024-10-17,87,UK,"['TV', 'wonder']"
Tesla,2024-10-17,69,United States,"['imagine', 'middle']"
Google,2024-10-17,23,Canada,"['tough', 'notice']"
Netflix,2024-10-17,21,United States,"['issue', 'leader']"
Amazon,2024-10-17,36,Canada,"['page', 'single']"
Apple,2024-10-18,93,Germany,"['listen', 'market']"
Tesla,2024-10-18,33,United States,"['scene', 'recently']"
Google,2024-10-18,18,India,"['enough', 'understand']"
Netflix,2024-10-18,17,United States,"['one', 'world']"
Amazon,2024-10-18,13,Germany,"['high', 'natural']"
Apple,2024-10-19,73,Germany,"['property', 'early']"
Tesla,2024-10-19,49,Canada,"['public', 'father']"
Google,2024-10-19,99,United States,"['possible', 'head']"
Netflix,2024-10-19,92,India,"['end', 'once']"
Amazon,2024-10-19,31,United States,"['Republican', 'with']"
Apple,2024-10-20,83,United States,"['life', 'point']"
Tesla,2024-10-20,54,United States,"['positive', 'forget']"
Google,2024-10-20,23,India,"['minute', 'business']"
Netflix,2024-10-20,18,UK,"['return', 'look']"
Amazon,2024-10-20,59,United States,"['into', 'piece']"
Apple,2024-10-21,19,United States,"['idea', 'others']"
Tesla,2024-10-21,62,Germany,"['quality', 'exist']"
Google,2024-10-21,23,Germany,"['close', 'really']"
Netflix,2024-10-21,0,Germany,"['edge', 'surface']"
Amazon,2024-10-21,45,India,"['piece', 'town']"
Apple,2024-10-22,64,United States,"['goal', 'hard']"
Tesla,2024-10-22,62,United States,"['father', 'past']"
Google,2024-10-22,95,India,"['population', 'consumer']"
Netflix,2024-10-22,62,UK,"['amount', 'protect']"
Amazon,2024-10-22,49,UK,"['tend', 'western']"
Apple,2024-10-23,71,Germany,"['amount', 'read']"
Tesla,2024-10-23,18,Germany,"['require', 'even']"
Google,2024-10-23,21,Canada,"['daughter', 'item']"
Netflix,2024-10-23,1,India,"['economic', 'box']"
Amazon,2024-10-23,57,India,"['charge', 'if']"
Apple,2024-10-24,94,India,"['world', 'know']"
Tesla,2024-10-24,5,Canada,"['compare', 'during']"
Google,2024-10-24,39,UK,"['investment', 'face']"
Netflix,2024-10-24,69,India,"['capital', 'what']"
Amazon,2024-10-24,39,Canada,"['return', 'education']"
Apple,2024-10-25,36,Germany,"['itself', 'article']"
Tesla,2024-10-25,46,UK,"['particularly', 'reason']"
Google,2024-10-25,26,Canada,"['move', 'though']"
Netflix,2024-10-25,43,Canada,"['trip', 'myself']"
Amazon,2024-10-25,82,UK,"['him', 'last']"
Apple,2024-10-26,31,India,"['together', 'produce']"
Tesla,2024-10-26,84,India,"['phone', 'push']"
Google,2024-10-26,33,India,"['head', 'control']"
Netflix,2024-10-26,35,India,"['last', 'every']"
Amazon,2024-10-26,41,United States,"['change', 'recent']"
